addAngajat,2023-05-23 21:07:10.621
addProduct,2023-05-23 21:15:23.859
addShop,2023-05-23 21:22:01.592
getClientLastMonth,2023-06-04 15:20:33.356
addClient,2023-06-04 15:22:14.475
getClientLastMonth,2023-06-04 15:22:19.593
getClientLastMonth,2023-06-04 15:22:25.603
addClient,2023-06-04 15:23:05.194
getClientLastMonth,2023-06-04 15:23:06.762
getAllShops,2023-06-04 15:26:05.505
getAllShops,2023-06-04 15:26:41.144
getShop,2023-06-04 15:26:41.892
getAllShops,2023-06-04 15:27:34.896
getAllShops,2023-06-04 15:29:44.321
getShop,2023-06-04 15:29:46.776
getAllShops,2023-06-04 15:30:14.529
getShop,2023-06-04 15:30:17.026
getAllShops,2023-06-04 15:36:40.807
getShop,2023-06-04 15:36:41.631
getAllShops,2023-06-04 15:38:15.88
getShop,2023-06-04 15:38:17.557
getAllShops,2023-06-04 15:38:46.448
getShop,2023-06-04 15:38:48.741
getProduct,2023-06-04 15:38:48.753
getClientLastMonth,2023-06-04 15:40:08.509
updateClientEmail,2023-06-04 15:40:13.797
updateClientEmail,2023-06-04 15:40:29.164
getAllShops,2023-06-04 15:44:24.59
getShop,2023-06-04 15:44:29.289
getAllShops,2023-06-04 15:47:27.862
getShop,2023-06-04 15:47:28.704
getAllShops,2023-06-04 15:47:55.455
getShop,2023-06-04 15:47:56.102
getAngajat,2023-06-04 15:47:56.114
getAllShops,2023-06-04 15:48:04.52
getShop,2023-06-04 15:48:05.264
getAllShops,2023-06-04 15:48:39.437
getShop,2023-06-04 15:48:40.026
getAllShops,2023-06-04 15:49:22.308
getShop,2023-06-04 15:49:22.926
getClient,2023-06-04 15:49:22.93
getAllShops,2023-06-04 15:49:30.018
getShop,2023-06-04 15:49:31.116
getCalories,2023-06-04 15:49:31.118
getAllShops,2023-06-04 17:46:55.379
getShop,2023-06-04 17:47:34.925
getCalories,2023-06-04 17:47:34.926
getAllShops,2023-06-04 17:49:12.147
getShop,2023-06-04 17:49:17.675
updateAngajatSalary,2023-06-04 17:49:17.684
